firstname,lastname,email
Lucius,Aufderhar,blaise.aufderhar20@400user23.com
Herta,Gerhold,frederick.gerhold@400user23.com
Eldon,Oberbrunner,lavern_oberbrunner16@400user23.com
Janice,Tillman,ivy.tillman@400user23.com
Fannie,Balistreri,aron31@400user23.com
Jovany,Prohaska,emmanuel.prohaska35@400user23.com
Ahmad,Jacobs,wyatt.jacobs88@400user23.com
Jalen,Daugherty,troy.daugherty@400user23.com
Lamont,Toy,jerel_toy@400user23.com
Raul,Quitzon,wava83@400user23.com
Percy,Medhurst,zachariah.medhurst43@400user23.com
Ashly,Welch,luna_welch36@400user23.com
Donald,Skiles,janie_skiles94@400user23.com
Michele,Lemke,thea.lemke@400user23.com
Manuela,Olson,nona.olson@400user23.com
Sanford,Mertz,forrest.mertz@400user23.com
Juliana,Larkin,weldon90@400user23.com
Ian,Kemmer,francisco32@400user23.com
Kathleen,Reichert,halle39@400user23.com
Doris,Cartwright,stephon.cartwright55@400user23.com
Minerva,Runolfsson,sheila_runolfsson84@400user23.com
Deontae,Gerlach,alfred_gerlach@400user23.com
Wyatt,Weissnat,maybelle10@400user23.com
Lexi,Hegmann,fanny1@400user23.com
Holly,Hammes,korbin8@400user23.com
Khalil,Rutherford,werner.rutherford73@400user23.com
Alvis,Ernser,bart49@400user23.com
Geovanni,Stroman,francesco_stroman@400user23.com
Jeramie,VonRueden,ellsworth_vonrueden18@400user23.com
Quinton,Kirlin,elsie.kirlin@400user23.com
Oscar,Koch,gerry.koch0@400user23.com
Brice,DuBuque,hollie.dubuque48@400user23.com
Myah,Crona,leonard.crona@400user23.com
Walter,Pacocha,brenda_pacocha@400user23.com
Easter,Huels,alisha24@400user23.com
Mara,Borer,marisol.borer28@400user23.com
Shanny,Muller,gennaro_muller@400user23.com
Stephon,Dare,jaqueline_dare9@400user23.com
Martine,Lindgren,reagan_lindgren55@400user23.com
Darius,Nienow,shakira_nienow65@400user23.com
Nelson,Berge,christophe_berge35@400user23.com
Dorthy,Gottlieb,ceasar_gottlieb92@400user23.com
Niko,Berge,elise_berge47@400user23.com
Zelda,Davis,ryan.davis74@400user23.com
Mervin,Auer,ferne_auer22@400user23.com
Merl,Von,luella.von@400user23.com
Roberta,Hermiston,earl26@400user23.com
Brandi,Bruen,alycia_bruen@400user23.com
Maverick,Stark,jaleel21@400user23.com
Armand,Boyer,jerome.boyer@400user23.com
Willy,Beer,helena_beer83@400user23.com
Hosea,Mohr,celestine29@400user23.com
Susan,Cummerata,ruthie22@400user23.com
Cristobal,Kutch,dee_kutch@400user23.com
Ezra,O'Connell,enid_oconnell32@400user23.com
Anastasia,Steuber,arch.steuber@400user23.com
Wellington,Kerluke,jairo.kerluke@400user23.com
Nelle,Heathcote,deanna_heathcote@400user23.com
Delmer,Jones,freda64@400user23.com
Dario,Bradtke,paul14@400user23.com
Simone,Senger,darrick.senger9@400user23.com
Kristoffer,Leannon,owen23@400user23.com
Sim,Powlowski,leora.powlowski88@400user23.com
Domingo,Kovacek,nathanial.kovacek35@400user23.com
Benjamin,White,erika4@400user23.com
Alfonso,Bayer,gust23@400user23.com
Lizeth,Labadie,enid_labadie36@400user23.com
Matt,Bailey,claudine_bailey@400user23.com
Jaden,Robel,domenico_robel17@400user23.com
Cora,Little,nyasia.little80@400user23.com
Nelda,Cremin,judd.cremin@400user23.com
Jeremie,Nitzsche,linwood.nitzsche32@400user23.com
Gardner,Quigley,clinton.quigley15@400user23.com
Amely,Franecki,bonnie_franecki17@400user23.com
Bianka,Roberts,lucius_roberts@400user23.com
Marvin,Jacobi,bria_jacobi76@400user23.com
Mariela,Doyle,gilberto83@400user23.com
Laila,Hayes,katherine_hayes@400user23.com
Chelsea,O'Kon,carissa.okon@400user23.com
Fermin,Wehner,cesar.wehner94@400user23.com
Wilbert,Botsford,anabel61@400user23.com
Erica,Wisoky,arely.wisoky@400user23.com
Faye,Tremblay,bethany.tremblay@400user23.com
Marcella,Sipes,curt92@400user23.com
Theo,Connelly,janessa.connelly24@400user23.com
Abel,Mills,adam19@400user23.com
Gudrun,Thiel,may.thiel@400user23.com
Wanda,Gleichner,aimee_gleichner74@400user23.com
Alberta,Carter,eugenia.carter@400user23.com
Sven,Kassulke,trevion74@400user23.com
Randi,Howe,bailee_howe78@400user23.com
Orion,Lakin,elroy75@400user23.com
Art,Vandervort,karianne.vandervort@400user23.com
Trey,McKenzie,ethelyn59@400user23.com
Barry,Hand,laurel_hand10@400user23.com
Alize,Marvin,assunta_marvin@400user23.com
Theron,Ritchie,lemuel_ritchie@400user23.com
Catalina,Keeling,rosalee.keeling51@400user23.com
Leonie,West,brionna84@400user23.com
Dion,Frami,chloe_frami@400user23.com
Kaylie,Casper,fiona_casper@400user23.com
Charley,Jast,kirsten_jast@400user23.com
Ashleigh,Kuhn,earline6@400user23.com
Major,Torphy,ozella92@400user23.com
Lula,Hand,zaria.hand35@400user23.com
Freeda,Hammes,merl_hammes@400user23.com
Phoebe,Kuhn,hollis46@400user23.com
Joyce,Cummerata,lizzie_cummerata63@400user23.com
Lauriane,Grady,maeve86@400user23.com
Randall,Nitzsche,keira_nitzsche@400user23.com
Amanda,Kutch,ezra50@400user23.com
Cecil,Prohaska,cristopher.prohaska13@400user23.com
Cydney,Schiller,alexie.schiller47@400user23.com
Westley,Bashirian,teagan_bashirian@400user23.com
Shanon,Effertz,amanda.effertz90@400user23.com
Isaiah,Predovic,arne_predovic52@400user23.com
Twila,Batz,lou_batz@400user23.com
Luella,Klocko,arielle.klocko@400user23.com
Dianna,Murray,bella62@400user23.com
Tyree,Gulgowski,aisha37@400user23.com
Clifton,Schulist,alanna.schulist@400user23.com
Tod,Stanton,meghan.stanton42@400user23.com
Phoebe,Glover,eileen87@400user23.com
Trinity,Torp,nick.torp1@400user23.com
Etha,Roberts,abagail_roberts@400user23.com
Adrienne,Volkman,lane.volkman@400user23.com
Jena,Simonis,perry.simonis89@400user23.com
Jaylen,Hand,zoe.hand@400user23.com
Abigayle,Hills,bulah82@400user23.com
Mario,Boyle,daphnee.boyle76@400user23.com
Jacquelyn,Gerhold,emile.gerhold62@400user23.com
Deshaun,Schuppe,adelia_schuppe@400user23.com
Belle,Beahan,casey28@400user23.com
Dulce,Miller,toy_miller31@400user23.com
Thurman,Wilkinson,alaina.wilkinson46@400user23.com
Abagail,Schamberger,braxton.schamberger43@400user23.com
Stephon,Beahan,rhiannon_beahan@400user23.com
Kenton,MacGyver,erwin.macgyver@400user23.com
Austen,Schmitt,bryce_schmitt@400user23.com
Loren,Daniel,carlo_daniel42@400user23.com
Al,Dickens,rickey.dickens@400user23.com
Camren,Skiles,elise_skiles74@400user23.com
Enos,Ebert,camille67@400user23.com
Mitchel,Rodriguez,clint_rodriguez@400user23.com
Agustin,Dach,issac.dach@400user23.com
Ramon,Koss,ara_koss24@400user23.com
Marta,VonRueden,bernhard93@400user23.com
Rosanna,Bashirian,wade.bashirian1@400user23.com
Kristian,Schuster,felipa_schuster@400user23.com
Adrain,Mann,dora11@400user23.com
Roger,Bayer,meta64@400user23.com
Dalton,Terry,lamont.terry79@400user23.com
Dena,Altenwerth,fabiola47@400user23.com
Mohamed,Dibbert,annabelle.dibbert@400user23.com
Reinhold,Kling,merle90@400user23.com
Elenor,Heathcote,hailey.heathcote27@400user23.com
Filiberto,Ziemann,kareem_ziemann0@400user23.com
Shany,Wehner,lupe.wehner61@400user23.com
Eloisa,Gerlach,mandy_gerlach@400user23.com
Alisa,Walter,adella.walter@400user23.com
Velva,Friesen,major88@400user23.com
Camryn,Cummerata,queenie.cummerata@400user23.com
Tanya,Gerlach,libbie.gerlach16@400user23.com
Delphine,Buckridge,ernestine_buckridge33@400user23.com
Zachary,Bartell,kamron_bartell64@400user23.com
Jessy,Kilback,amie.kilback73@400user23.com
Hosea,Hirthe,tania.hirthe53@400user23.com
Shaylee,Denesik,adrienne_denesik47@400user23.com
Robb,Roob,eda.roob@400user23.com
Kameron,King,tania.king@400user23.com
Garland,Rath,john.rath95@400user23.com
Amya,Hammes,remington71@400user23.com
Jalyn,Hirthe,ryan_hirthe@400user23.com
Dejuan,Kris,hobart46@400user23.com
Issac,Buckridge,gavin.buckridge1@400user23.com
Charlie,Maggio,monserrat_maggio@400user23.com
Jamison,Harvey,name.harvey32@400user23.com
Mercedes,Towne,elwyn.towne@400user23.com
Josiane,Hirthe,royce_hirthe@400user23.com
Viva,Franey,zora.franey0@400user23.com
Catharine,Gusikowski,cassandre84@400user23.com
Kaden,Abbott,glenna94@400user23.com
Chyna,Romaguera,laurine.romaguera88@400user23.com
Hailey,Marks,fatima_marks@400user23.com
Cordell,Streich,eula_streich95@400user23.com
Einar,Paucek,arden71@400user23.com
Keith,Altenwerth,cyrus_altenwerth17@400user23.com
Ressie,Strosin,keon52@400user23.com
Major,Reichel,jamir.reichel99@400user23.com
Curtis,Barton,jessy.barton@400user23.com
Randal,Lind,naomie_lind59@400user23.com
Evert,Konopelski,asha.konopelski@400user23.com
Aniya,Harber,dwight63@400user23.com
Garnett,Dibbert,rafael.dibbert@400user23.com
Ricardo,Sanford,amparo_sanford@400user23.com
Vinnie,Stroman,alyce_stroman23@400user23.com
Antonetta,Willms,judd.willms44@400user23.com
Maggie,DuBuque,lysanne.dubuque@400user23.com
Thalia,Bruen,leda.bruen@400user23.com
Alex,Hagenes,neoma_hagenes@400user23.com
Ford,Kunde,darrick.kunde@400user23.com
Rachel,Medhurst,frederik23@400user23.com
Leone,Zieme,zackary.zieme@400user23.com
Ramon,Donnelly,monique_donnelly45@400user23.com
Will,Lemke,earline.lemke@400user23.com
Flavie,Wisozk,candida.wisozk80@400user23.com
Noemi,Feeney,alexandrine.feeney@400user23.com
Tamara,Jakubowski,daren_jakubowski@400user23.com
Javier,Kunze,ford.kunze@400user23.com
Madie,Nolan,kennith_nolan@400user23.com
Yoshiko,Stiedemann,oran.stiedemann20@400user23.com
Jonathon,Stehr,jarrell_stehr51@400user23.com
Cornelius,Schuster,briana_schuster@400user23.com
Nelda,Erdman,violet.erdman91@400user23.com
Pinkie,Feest,imelda50@400user23.com
Gonzalo,Cummings,blanche_cummings@400user23.com
Thurman,Rohan,marisol.rohan@400user23.com
Ubaldo,McLaughlin,mohammad.mclaughlin71@400user23.com
Leone,Wilderman,elisabeth_wilderman@400user23.com
Haley,Torp,mollie.torp@400user23.com
Casimir,Lind,ollie.lind@400user23.com
Darrick,Wilkinson,arthur.wilkinson@400user23.com
Francisco,Goldner,lon_goldner@400user23.com
Alexanne,Boyer,terrence.boyer@400user23.com
Johnpaul,Lubowitz,mateo.lubowitz@400user23.com
Tevin,Rempel,bethany77@400user23.com
Alvah,Schaefer,reginald.schaefer@400user23.com
Gavin,Collins,connor_collins26@400user23.com
Tiana,Aufderhar,gus.aufderhar@400user23.com
Geovanny,Gerhold,rashad_gerhold@400user23.com
Aleen,Christiansen,gerhard51@400user23.com
Lorenzo,Botsford,melba_botsford@400user23.com
Julia,Mraz,pierre.mraz@400user23.com
Audrey,Friesen,dylan60@400user23.com
Dayton,Shanahan,doug_shanahan13@400user23.com
Orlo,Feeney,jimmy.feeney13@400user23.com
Clarissa,Kuhlman,cyril.kuhlman@400user23.com
Amelia,Grant,laurel_grant@400user23.com
Kenyatta,Jones,mireille36@400user23.com
Maymie,Harber,lisa32@400user23.com
Robert,Durgan,obie.durgan@400user23.com
Flossie,Cronin,lauretta29@400user23.com
Cade,Wintheiser,kristofer.wintheiser16@400user23.com
Americo,Howe,bradford.howe@400user23.com
Brenna,Bahringer,abigayle_bahringer67@400user23.com
Heath,Feest,guiseppe7@400user23.com
Hettie,Bartoletti,larue_bartoletti@400user23.com
Agnes,Bode,reyes_bode@400user23.com
Amie,Windler,dora_windler40@400user23.com
Ryder,Dibbert,mekhi.dibbert@400user23.com
Khalil,Cummings,tommie30@400user23.com
Hipolito,Fisher,harrison.fisher@400user23.com
Wellington,Stamm,emie40@400user23.com
Vern,Stoltenberg,finn_stoltenberg46@400user23.com
Adah,Kuhlman,blair.kuhlman17@400user23.com
Pattie,Rohan,darron78@400user23.com
Andreanne,Leannon,dean74@400user23.com
Jordi,Watsica,kasey.watsica@400user23.com
Alfonzo,Towne,elise.towne@400user23.com
Vernice,Boehm,dewitt6@400user23.com
Jennings,Beier,melisa_beier80@400user23.com
Donnie,Terry,abbigail.terry@400user23.com
Elza,Boyer,noah_boyer@400user23.com
Alexis,Kozey,vallie_kozey49@400user23.com
Providenci,Wolf,juwan22@400user23.com
Alexandro,Weissnat,trycia90@400user23.com
Vernie,Bailey,deanna.bailey32@400user23.com
Chanelle,Mertz,alycia_mertz@400user23.com
Marjory,Batz,orrin_batz@400user23.com
Tavares,Howell,georgiana.howell66@400user23.com
Oswaldo,Mayert,bethany_mayert@400user23.com
Alanna,Kassulke,luciano73@400user23.com
America,Hoeger,roma.hoeger@400user23.com
Cyrus,Roberts,tierra54@400user23.com
Modesta,Ziemann,gerald_ziemann@400user23.com
Rosalia,Toy,daniella.toy63@400user23.com
Amya,Hand,russell_hand@400user23.com
Buddy,Weber,ismael_weber@400user23.com
Madonna,Sanford,dina.sanford22@400user23.com
Rodrigo,Bogan,onie_bogan25@400user23.com
Anastacio,Gleichner,cayla.gleichner@400user23.com
Josh,Pacocha,nico25@400user23.com
Israel,Moore,clementine46@400user23.com
Joan,Shields,dane_shields@400user23.com
Myrtis,Parisian,dawn32@400user23.com
Javon,Huel,precious7@400user23.com
Favian,Koepp,kobe38@400user23.com
Dannie,Koepp,keenan_koepp98@400user23.com
Maxime,Sanford,susanna_sanford13@400user23.com
Orin,Konopelski,reginald20@400user23.com
Haley,Wolff,joana.wolff@400user23.com
Pasquale,Swift,terry_swift79@400user23.com
Roslyn,Torphy,cameron_torphy33@400user23.com
Lurline,Herman,rico.herman@400user23.com
Peggie,Kovacek,dora_kovacek@400user23.com
Fabiola,Murphy,devonte84@400user23.com
Shawna,Cremin,mac.cremin42@400user23.com
Velda,Hagenes,reanna.hagenes37@400user23.com
Marilie,Rolfson,susan_rolfson53@400user23.com
Wallace,Kub,albina_kub@400user23.com
Samir,Harvey,jena_harvey47@400user23.com
Dorothea,Jacobs,jabari_jacobs19@400user23.com
June,Gerhold,westley_gerhold81@400user23.com
Brennon,Fadel,carroll31@400user23.com
Amiya,Schaden,heath.schaden95@400user23.com
Kaylee,Hermiston,ismael8@400user23.com
Rhiannon,Schmidt,jedidiah.schmidt29@400user23.com
Bridie,Gleichner,roberta15@400user23.com
Enid,Boehm,helmer.boehm@400user23.com
Pattie,Emard,brennan_emard@400user23.com
Carter,Schulist,rowena.schulist44@400user23.com
Savion,Zboncak,waldo_zboncak@400user23.com
Clovis,Williamson,margaretta.williamson59@400user23.com
Lina,Schoen,estella.schoen@400user23.com
Raymundo,Pfeffer,rudolph_pfeffer86@400user23.com
Mabel,Nitzsche,hilbert26@400user23.com
Raul,Franey,aiyana.franey26@400user23.com
Tyra,Rowe,bell_rowe@400user23.com
Axel,Schmitt,teagan6@400user23.com
Margarita,Treutel,diana.treutel98@400user23.com
Amelie,Kuhlman,treva.kuhlman41@400user23.com
Americo,Huels,corbin49@400user23.com
Callie,Gutmann,colby60@400user23.com
Yasmin,Witting,mikayla87@400user23.com
Darrion,Hills,reagan29@400user23.com
Payton,West,esther19@400user23.com
Catherine,McDermott,salvatore.mcdermott@400user23.com
Connie,Hirthe,lilian.hirthe@400user23.com
Kacie,Luettgen,rickie.luettgen@400user23.com
Allen,Gibson,rahul_gibson@400user23.com
Mathias,Jacobi,susanna.jacobi28@400user23.com
Adele,Runolfsson,adelia.runolfsson@400user23.com
Beth,Dickinson,davon.dickinson@400user23.com
Pat,Bode,marco12@400user23.com
Elisha,Lang,jude.lang31@400user23.com
Dolores,Miller,felicia91@400user23.com
Mellie,Lubowitz,genoveva43@400user23.com
Delaney,Jacobi,aron28@400user23.com
Cesar,Shields,hyman21@400user23.com
Tamia,Feil,vincenza.feil7@400user23.com
Kamryn,Conn,jazlyn_conn@400user23.com
Fern,Kunze,dina.kunze90@400user23.com
Carlos,Runte,juliana49@400user23.com
Caleigh,Lindgren,stone_lindgren@400user23.com
Rhoda,Rohan,gail.rohan@400user23.com
Luigi,Schroeder,asia_schroeder@400user23.com
Elva,Parker,reynold_parker@400user23.com
Al,Cassin,alisa85@400user23.com
Desiree,Brekke,hillard_brekke35@400user23.com
Kariane,Powlowski,daniela.powlowski47@400user23.com
Cayla,Jenkins,horacio_jenkins19@400user23.com
Emmet,Smith,augustus.smith@400user23.com
Marlin,Veum,enid63@400user23.com
Tony,Bailey,kaylin_bailey37@400user23.com
Frankie,Kling,marquis_kling@400user23.com
Emely,Keeling,chelsea.keeling@400user23.com
Magdalen,Hickle,ayden_hickle@400user23.com
Savannah,Cummerata,davion_cummerata82@400user23.com
Obie,Beier,ansel68@400user23.com
Nick,Mann,chaya.mann99@400user23.com
Yessenia,Effertz,jaylon.effertz76@400user23.com
Taylor,Schuppe,robb.schuppe@400user23.com
Julien,Von,braulio.von@400user23.com
Jessyca,Kulas,marcelino.kulas53@400user23.com
Carmella,Kling,jaqueline17@400user23.com
Constance,Doyle,devan18@400user23.com
Marta,Larkin,ardith.larkin60@400user23.com
Bennie,Satterfield,tomas.satterfield@400user23.com
Donny,Heathcote,timmy24@400user23.com
Kris,Schmitt,ibrahim96@400user23.com
Abdul,Kutch,toney.kutch23@400user23.com
Erik,Prohaska,matt_prohaska@400user23.com
Gustave,Kub,ena_kub37@400user23.com
Kristofer,Tillman,bernita12@400user23.com
Adeline,Goldner,anabel73@400user23.com
Ernestine,O'Connell,delmer40@400user23.com
Florence,Wyman,abigail88@400user23.com
Bart,Kuhic,rahsaan.kuhic@400user23.com
Leonie,Greenholt,jedidiah_greenholt14@400user23.com
Theresa,Purdy,danny_purdy37@400user23.com
Brant,Heathcote,geoffrey69@400user23.com
Annabel,Glover,hanna92@400user23.com
Kennith,Ritchie,dave3@400user23.com
Chyna,Larkin,orville_larkin@400user23.com
Lucie,Brekke,cole19@400user23.com
Alexandrine,Abshire,waino_abshire35@400user23.com
Casper,Nienow,kyleigh.nienow43@400user23.com
Mayra,Koepp,murphy_koepp@400user23.com
Golden,Ortiz,erica_ortiz28@400user23.com
Andreane,Connelly,jeffery_connelly85@400user23.com
Ruby,Fritsch,ophelia77@400user23.com
Barrett,Anderson,theodora.anderson92@400user23.com
Rachelle,Zieme,benny.zieme@400user23.com
Jennyfer,Murray,alexane_murray33@400user23.com
Cecilia,Gottlieb,stephon.gottlieb96@400user23.com
Dell,Barrows,zelda.barrows88@400user23.com
Dwight,Kulas,eleazar81@400user23.com
Sydnie,Dickens,lulu3@400user23.com
Stephan,McGlynn,chanel54@400user23.com
Nicholaus,Tillman,derrick.tillman3@400user23.com